name,cardName,position,foot,height,weakFootFrequency,weakFootAccuracy,conditionWave,talentPoints,attackType,offensivePlayingStyle,defensivePlayingStyle,ownedBoosters,playerType,skills,offensiveAwareness,ballControl,dribbling,ballKeeping,lowPass,loftedPass,finishing,heading,placeKicking,curl,speed,acceleration,kickingPower,jump,physicalContact,bodyControl,stamina,defensiveAwareness,ballWinning,aggression,defensiveEngagement,gkAwareness,catching,clearing,reflexes,coverage
クヴァラツヘリア,クヴァラツヘリア,LWG,右,183,高い,最高,小さい,60,未選択,ウイングストライカー,ファーストディフェンダー,未選択,ハイライト,ダブルタッチ|ルーレット|軸裏ターン|足裏コントロール|低弾道ロブ|コントロールカーブ|ミドルシュート|ドロップシュート|アクロバティックシュート|ワンタッチシュート,73,79,80,79,70,68,75,49,66,76,77,81,77,54,74,79,73,50,53,60,56,40,40,40,40,40
ヴィニシウス・ジュニオール,ヴィニシウス・ジュニオール,LWG,右,176,やや低い,普通,小さい,0,未選択,ラインブレイカー,未選択,未選択,トレンド,シザーズ|ダブルタッチ|エラシコ|シャペウ|足裏コントロール|スルーパス|ライジングシュート|アクロバティックシュート|ワンタッチシュート|PKキッカー,88,87,90,84,78,68,90,54,64,77,89,94,82,65,64,80,82,49,51,56,69,40,40,40,40,40
ペトル・チェフ,EPペトル・チェフ（チェルシー/05-06）,GK,左,196,やや低い,普通,小さい,56,未選択,ベーシック,守備的GK,ゴールセービング|キャッチング,エピック,低弾道パントキック|GKロングスロー|PKストッパー|GKディレクティングディフェンス|キャプテンシー,40,40,40,44,53,54,40,45,50,42,56,52,68,68,70,51,53,45,42,44,50,82,79,78,81,84
マルディーニ,EPパオロ・マルディーニ(ACミラン/91-92),LSB,右,186,最高,最高,小さい,64,未選択,守備的サイドバック,ベーシック,シャットダウン,エピック,バックスピンロブ|ピンポイントクロス|マンマーク|インターセプト|ブロッカー|スライディングタックル|アクロバティッククリア|フォートレス|キャプテンシー|闘争心,68,76,76,71,78,79,60,80,61,69,75,72,74,82,76,66,81,83,81,78,83,40,40,40,40,40
ベリンガム,HPジュード・ベリンガム(04/07),OMF,右,186,高い,最高,小さい,56,未選択,2列目からの飛び出し,ベーシック,未選択,ハイライト,ダブルタッチ|エラシコ|軸裏ターン|足裏コントロール|ワンタッチパス|アウトスピンキック|ライジングシュート|アクロバティックシュート|ワンタッチシュート|闘争心,76,79,75,78,77,72,78,68,59,63,76,71,75,73,80,76,82,73,70,77,75,40,40,40,40,40
ルーニー,EPウェイン・ルーニー(31周年/無料エピック),CF,右,176,高い,高い,小さい,60,未選択,リンクフォワード,ベーシック,シュート,エピック,ワンタッチパス|スルーパス|ヘッダー|コントロールカーブ|ミドルシュート|ライジングシュート|アクロバティックシュート|ワンタッチシュート|フェノミナルフィニッシュ|ウィルパワー,75,81,79,81,80,78,75,74,75,76,78,76,80,69,77,73,76,60,55,57,60,40,40,40,40,40
アグエロ,EPセルヒオ・アグエロ(アルゼンチン代表/2018),CF,右,173,高い,高い,小さい,60,未選択,ラインブレイカー,ベーシック,ストライカーセンス,エピック,ダブルタッチ|軸裏ターン|アウトスピンキック|コントロールカーブ|ミドルシュート|ドロップシュート|ワンタッチシュート|ブリッツカーブ|ロースクリーマー|闘争心,77,81,82,80,68,65,78,68,63,72,79,76,79,67,75,78,74,50,48,50,48,40,40,40,40,40
ルイス・ディアス,STルイス・ディアス(デイリーボーナス),LWG,右,180,高い,高い,普通,60,未選択,ウイングストライカー,ベーシック,ブレークスルー,ショータイム,ダブルタッチ|ルーレット|足裏コントロール|アクセルバースト|スルーパス|ピンポイントクロス|アウトスピンキック|コントロールカーブ|アクロバティックシュート|ワンタッチシュート,76,79,78,77,74,68,76,50,58,67,79,83,77,59,74,76,75,40,43,67,64,40,40,40,40,40
ハビエル・サネッティ,EPハビエル・サネッティ(インテル/09-10),LSB,右,178,高い,最高,小さい,68,未選択,攻撃的サイドバック,ベーシック,カウンター,エピック,ダブルタッチ|ピンポイントクロス|フェノミナルパス|マンマーク|インターセプト|ブロッカー|スライディングタックル|フォートレス|キャプテンシー|闘争心,66,71,75,75,76,75,66,68,63,70,79,80,73,77,75,75,83,79,77,78,79,40,40,40,40,40
ギャレス・ベイル,BTギャレス・ベイル(2018/05/26),RWG,左,185,普通,高い,大きい,60,未選択,ウイングストライカー,ベーシック,ストレングス,ビッグタイム,シザーズ|ピンポイントクロス|アウトスピンキック|ミドルシュート|無回転シュート|ドロップシュート|アクロバティックシュート|ワンタッチシュート|フェノミナルフィニッシュ|スーパーサブ,71,81,85,80,70,68,82,68,77,79,83,82,81,75,80,77,75,50,50,53,50,40,40,40,40,40
パオロ・マルディーニ,EPパオロ・マルディーニ(イタリア/1990),LSB,右,186,最高,最高,小さい,68,未選択,守備的サイドバック,ベーシック,ディフェンス,エピック,バックスピンロブ|ピンポイントクロス|マンマーク|インターセプト|ブロッカー|スライディングタックル|アクロバティッククリア|フォートレス|キャプテンシー|闘争心,64,75,75,70,75,81,62,80,62,72,74,70,72,80,74,67,80,82,80,76,83,40,40,40,40,40
ベリンガム,HPジュード・ベリンガム(09/07),OMF,右,186,高い,最高,小さい,62,未選択,2列目からの飛び出し,ハードワーカー,未選択,ハイライト,ダブルタッチ|軸裏ターン|足裏コントロール|ワンタッチパス|スルーパス|アウトスピンキック|コントロールカーブ|アクロバティックシュート|ワンタッチシュート|闘争心,73,77,75,77,76,71,79,73,58,70,76,76,75,67,77,77,78,73,74,79,76,40,40,40,40,40
ルーニー,EPウェイン・ルーニー(マンチェスターU/11-12),CF,右,176,高い,高い,小さい,62,未選択,2列目からの飛び出し,ベーシック,ストライカーセンス,エピック,ワンタッチパス|フェノミナルパス|ヘッダー|コントロールカーブ|ミドルシュート|ワンタッチシュート|PKキッカー|フェノミナルフィニッシュ|エアバトル|闘争心,81,78,80,81,74,74,76,78,76,76,77,79,82,77,75,75,74,54,55,57,56,40,40,40,40,40